Category,ID,Model,Max Speed,FuelLevel,Current Passengers,Current Cargo,Current Mileage,Maintenance Needed,Has Sail,Maximum Altitude
Airplane,202,AP202,1000.000000,0.000000,0,0.000000,50.000000,No,NA,1000.000000
Bus,203,AP203,60.000000,0.000000,50,50.000000,15.000000,No,NA,NA
Car,204,AP204,250.000000,0.000000,1,NA,14.000000,No,NA,NA
Cargo Ship,210,AP210,450.000000,0.000000,NA,0.000000,100.000000,No,No,NA
Truck,260,AP260,80.000000,0.000000,NA,90.000000,13.000000,No,NA,NA
